Bari enda lwabo ku serkali ku angariya mambo ya ma mpango	Community writing event, self
Mama  anenda ku kata nkuni ku mashamba	Community writing event, self
Mu mashamba ya mama muko kalanga mingi	Community writing event, self
Akuna michi ya mingi sana mu mashamba yetu	Community writing event, self
Rafiki yake ya mama naye asha kurima sombe	Community writing event, self
Tuna pashwa kurima myoko mingi	Community writing event, self
Shiku mitenda ku mashamba minta beba nkuni ya mingi	Community writing event, self
Tuna kuriaka kalanga sana kama tunenda ku mashamba	Community writing event, self
Shiku minta rimaka namiye mitanza kuria myoko sana	Community writing event, self
Serkali wetu ana pashwa ku ichikiya ba mama bote banze kurima	Community writing event, self
Bantu bote mu kongo turimeni sana	Community writing event, self
Mwanamuke ana pashwa naye akuye na mashamba mingi	Community writing event, self
Ba mama bote nabo bana pashwa bakuye na ma mpango yabo	Community writing event, self
Akuna ubaguzi kati ya mama na baba kwaku rima mashamba	Community writing event, self
Maisha yetu itakuya muzuri sana kama ba mama bana jua ku rima	Community writing event, self
Serkali wa inchi yetu ana pashwa ku leta mikanda ya mpango	Community writing event, self
Akuna ubaguzi ya ma kabila muku rima	Community writing event, self
Turimeni mingi sana tushikufwe na njala	Community writing event, self
Tuta tajirika kama ba mama bana rima mingi sana	Community writing event, self
Myoko iko mingi sana mu mashamba ya mama	Community writing event, self
Akuna tena mwanaume na mwanamuke muku rima	Community writing event, self
Tusaidie sana ba mama ku mashamba	Community writing event, self
Tuchakuleni shiye bote ku saidia ba mama ku mashamba	Community writing event, self
Akuna tena mambo ya kufwa na njala kama mama eko na rima	Community writing event, self
kupachiya ba mama haki yabo njuu ya kupata mashamba	Community writing event, self
Twacheni mambo mubaya lakini turimeni	Community writing event, self
Mama eko na haki yake kwaku pata mashamba	Community writing event, self
Mwanamuke anaweza kupata ma mpango mingi naye	Community writing event, self
Bantu bote bana ichikiwa ku uza ma mpango yabo	Community writing event, self
Akuna tena mambo ya kwibana ma mpango	Community writing event, self
Uki penda ku uza pango yako wende ku ofisi ya cadastre	Community writing event, self
Apana bwiji bwa ma pango ya bantu	Community writing event, self
Ba mama bote beko na haki ya ku jenga nabo	Community writing event, self
Tu muunge mama mukono kwa kaji ya mashamba	Community writing event, self
Kufanya bintu binene akuna paka kwa ba baba	Community writing event, self
Lakini na ba mama nabo beko na uwezo yaku yenga	Community writing event, self
Tuki ba saidia sana ba mama kwa mawazo yabo bata weza	Community writing event, self
Tushi bache ba mama bo benyewe ku mashamba	Community writing event, self
 Shiye bote njia ya mashamba iko muzuri	Community writing event, self
Lakini tuna pashwa kuyua ku ungana mukono 	Community writing event, self
Tusaidiane mukono kwa mukono tuta weza	Community writing event, self
Tushache ba mama bo benyewe bateswe na kurima	Community writing event, self
Atuta weza ku ishi kwashipo ku rima	Community writing event, self
Kila muntu ana pashwa ku jenga nyumba yake	Community writing event, self
Uki tafuta ku pata pango yako tafuta makuta na wende uze	Community writing event, self
Mungu mwenyewe ari twambia tu rime sana	Community writing event, self
Tu fwateni shiye bote njiya ya mashamba	Community writing event, self
Akuna njia ingine yaku weza kama atu rime mashamba	Community writing event, self
Ukitafuta byakuria bya mingi sana rima sana	Community writing event, self
Akuna muntu ana weza ku ishi pashipo ku rima	Community writing event, self
Ule ashi pende ku rima naye ashita kuria	Community writing event, self
Na mwanaume naye anapendaka sana bibi waku rima	Community writing event, self
Kama mama ashi juwe ku rima ata pata mikoshi mu ndoa yake	Community writing event, self
Na ba kujicha nabo bana pashwa ku rima	Community writing event, self
Ba nduku yangu bote beko na mashamba	Community writing event, self
Ndoa ya dada yangu iko muzuri nju beko na rima	Community writing event, self
Muku rima amuna miza	Community writing event, self
Baba yangu ari tufundisha kurima	Community writing event, self
Mina juwa bunene bwa mashamba ya mama	Community writing event, self
Ni muzuri ku rima mu mpango ya nyumba	Community writing event, self
Mashamba ina rimiwaka wakati ya mvula	Community writing event, self
Na mu kipwa tuna weza kurima ma bintu bingine	Community writing event, self
Uki rima mu kipwa una pashwa ku mwangiya mayi mu mashamba yako	Community writing event, self
Akuna namna ingine ile inaweza ku tupa byakuria kama atu rime	Community writing event, self
Bale bote beko na rima aba teswake na njala	Community writing event, self
Tutafuteni nanma ya ku uza ma mpango ya mashamba	Community writing event, self
Kesho mitenda ku ofisi ya viwanja nika uze mpango yangu	Community writing event, self
Mukubwa wa serkali ana ujiya banamuke bote ma mpango	Community writing event, self
Tutafuteni fuashi yaku rima mashamba ya baba	Community writing event, self
Baba ana zeka sana ashiwezi tena kurima	Community writing event, self
Ba biyana bote ba kwetu beko ku mashamba	Community writing event, self
Ule ashita weza kufanya kaji ya mashamba mushi mupe byakuria	Community writing event, self
Leo iyi bantu bote basha kujuwa kurima	Community writing event, self
Kama aujuwe ku rima wende ufunde vile bana rimaka	Community writing event, self
Tutumie nguvu yetu kwa kufanya kaji	Community writing event, self
Banaume na banamuke basaidiane kwaku rima	Community writing event, self
Tushikuye bazaifu sana mu kaji yaku rima	Community writing event, self
Tukumbukeni maneno ya ba kambo yetu nju ya kurima	Community writing event, self
Bantu ba aina yote beko na penda sana kurima	Community writing event, self
Akuna tena mutoto wala mukubwa wakati yaku rima	Community writing event, self
Mukubwa yangu eko nama mpango tatu ya mashamba	Community writing event, self
Muloko yangu arienda ku mashamba busubuyi sana	Community writing event, self
Serkali arikataza kurima mu inchi ya burundi	Community writing event, self
Tuombeni sana mungu atupe nguvu ya kurima	Community writing event, self
Barimaji bote bana pashwa nabo ku jenga ma nyumba 	Community writing event, self
Ofisi ya viwanja ina katala ku jenga mu ma balala	Community writing event, self
Mukubwa wa inchi ana kataza ku kata michi ndani ya mpango	Community writing event, self
Mwanamuke naye ana pashwa kujua haki yake ya viwanja	Community writing event, self
Jembe ya mama aina tena makari	Community writing event, self
Jana baba ariangusha shoka ya mama	Community writing event, self
Ukitafuta kufanya kaji muzuri ya mashamba uza mposholo	Community writing event, self
Ukipenda ku menya myoko ku mashamba wende na kisu	Community writing event, self
Akuna jembe ile iko na makari sa yangu	Community writing event, self
Mashamba yangu isha ku nenepa sana	Community writing event, self
Tusaidiane shiye bote kama tuko mu kaji	Community writing event, self
Tu ungane na bale abajuwe kurima	Community writing event, self
Achana mbari na mashamba yangu na ya mama	Community writing event, self
Uki penda kuni kwaza gusa mashamba ya muloko yangu	Community writing event, self
Miye shipendake kuuza kiwanja ku ofisi ya viwanja	Community writing event, self
Mashiku ya kurima ina tafuta kufika	Community writing event, self
Tutengenezeni viwanja Mvula ina tafuta kwanza	Community writing event, self
Mungu atume sasa mvula nju turime	Community writing event, self
Leo tuta rima paka tu choke	Community writing event, self
Mungu abariki bale bote beko na rima	Community writing event, self
Mangaribi tutenda ku mashamba na  mama	Community writing event, self
Atu jue tena ni wakati kani ile tuta rima	Community writing event, self
Twendeni tulombe ma jembe kwetu	Community writing event, self
Saa inenea ya kwenda ku ofisi tuka uze viwanja	Community writing event, self
Tusikilizane nju ya beyi ya kuza mashamba	Community writing event, self
Akuna tena mambo ya kulanda nju ya mashamba ya mama	Community writing event, self
Kesho tuta vuna mingi sana	Community writing event, self
Kama tuna tumika sana tuta vuna tena sana	Community writing event, self
Mambo ile iko apa ni nju ya kurimatu	Community writing event, self
Bashitulandie asema tuna iba mashamba ya bantu	Community writing event, self
Uku ngambo tuko na tumikia ni kwa mama	Community writing event, self
Atuta wezaka ata shiku moya kurima pashipo jembe	Community writing event, self
Mposholo yangu iko na saidia nju ya ku zola buchafu	Community writing event, self
Kesho tutendatu nju ya kukata michi	Community writing event, self
Tuna pashwa kwenda na shoka ya baba 	Community writing event, self
Shoka yangu ina vunjika paka apa sasa	Community writing event, self
Mutoto yangu ana koyolea mu mashamba ya mama	Community writing event, self
Apana ku chuma sombe ngambo yango	Community writing event, self
Ukitafuta ku mwibia mama haki yake ya kiwanja uta kufa	Community writing event, self
Dada ata foka sana kama anashikia ile mambo ya mashamba	Community writing event, self
Kisu kya ku menya nakyo myoko kinalabika	Community writing event, self
Mishiyue apa kama mitenda kuza wapi mikanda ya nyumba	Community writing event, self
Mama anani tuma kumujia nyumba kule ngambo	Community writing event, self
Autaweza kufanya ile kaji ya mashamba	Community writing event, self
Weye wende ku masomo kesho njo tutenda kurima	Community writing event, self
Leo tuko nakutana na ba mama bote nju tubape viwanja	Community writing event, self
Benye sheria ya inchi bana katala kuzisha mashamba	Community writing event, self
Kesho busubuyi mitenda kukata nkuni	Community writing event, self
Leo tuta uzia mama bintu byote bya mashamba	Community writing event, self
Atuna na ruusa ya ku uzisha ile kiwanza yake	Community writing event, self
Ma njina ya ba mama bote itawekewa katikati	Community writing event, self
Shiku ingine tutaleta ma jembe	Community writing event, self
Leo tuta letatu mbele kipande ya ma shoka na bingine	Community writing event, self
Mina pashwa kuza kalanga ya ku panda	Community writing event, self
Bata kuya kunipa malaki yaku panda mu mashamba ya baba	Community writing event, self
Leo nisha ku choka sana shita weza ku rima	Community writing event, self
Ata kama mina lala jee mitalamuka busubuyi sana nju nimu saidiye mama	Community writing event, self
Miye shita weza kwiba myoko ya bantu	Community writing event, self
Mu kiwanza kyangu mita jengamo nyumba munene	Community writing event, self
Mita panda na maboke mu mashamba yangu	Community writing event, self
Na njukumabwe nayo mita ipanda	Community writing event, self
Shipende mukuye miba mu kiwanza kyangu	Community writing event, self
Serkali wetu ari tupachiya bintu bizuri nju ya kurima muzuri	Community writing event, self
Atuna tena na nguvu ivi atuya kuria kintu	Community writing event, self
Ba mama bote beko naria nju ya haki yabo	Community writing event, self
Tunastaili shiye ba mama kukwa na ma nyumba yetu	Community writing event, self
Shita weza kutumikiya muntu miye mwanamuke	Community writing event, self
Inani pashwa ni uze bintu byangu miye moya	Community writing event, self
Miye shita penda kuchangiya na mwanamuke mashamba	Community writing event, self
Baba yangu ata foka sana nju ya mpango yake	Community writing event, self
Jana barikatala ku ujisha lwabo ma mpango	Community writing event, self
Kuko mama moya ule ari uza ma mpango kumi	Community writing event, self
Arisema asema kuko paka mpango ya kiloko	Community writing event, self
Mikanda ingine ya nyumba bata ileta kesho	Community writing event, self
Mama yangu asha kwanza ku jenga zamani	Community writing event, self
Akuna kintu kiko nguvu kwa mama yangu	Community writing event, self
Bintu byote beko na biujisha kwetu kwa papa	Community writing event, self
Mupini ya jembe yangu ina vunjika leo	Community writing event, self
Baba ari sema asema mita kata michi na shoka yake	Community writing event, self
Mitenda banyekeye makari ku jembe ya mama nayo	Community writing event, self
Ina katazwa ku paluria pa maibwe	Community writing event, self
Baba arikatala kurima ku mulima	Community writing event, self
Atu kataziwe ku rima mu kichanga	Community writing event, self
Lakini miri fundaka asema kurima pa muchanga ni mubaya	Community writing event, self
Kambo yake eko na viwanja mingi sana bya mashamba	Community writing event, self
Mwaka jana bari mwiba mama mashamba mbiri	Community writing event, self
Nvula kama inanza mishita rima lwangu	Community writing event, self
Uni patieko minji yaku panda kwangu na miye	Community writing event, self
Tuta sikilizana nju ya ile mpango ya nkambo	Community writing event, self
Mina potecha makuta ya ku uza ma mpango ya mama	Community writing event, self
Bo lwabo paku ujisha mashamba paka kupikana	Community writing event, self
Bya ku kata tena ma mpango abikalakeko	Community writing event, self
Apatu ni paka una uza nyumba yako njo unakuya pazuri	Community writing event, self
Mateso ya ba mama ina pita bwingi mu kaji ya mashamba	Community writing event, self
Kila mama ata pata ma nyumba mbiri yake kwa haki yake	Community writing event, self
Serkali wetu asha kwanza miza mubaya ya bwiji bwa ma mpango	Community writing event, self
Beko na penda ku panga muzuri ile mambo ya ma mashamba	Community writing event, self
Nzamani bile bintu bya ku uza ma mashamba abiku kuyakeko	Community writing event, self
Leo sasa serkali wetu asha kuya roho nguvu na mambo ya mpango	Community writing event, self
Uki penda kumu chokoza mama yangu wende urime pashipo ku mulomba	Community writing event, self
Kinga ya baba yaku mashamba inalabika sasa	Community writing event, self
Twendeni twangarie mbele nkuni ya mama ku mashamba yake	Community writing event, self
Bintu byake bya kwenda nabyo biko tayari	Community writing event, self
Akuna kintu kile kina kosa ku byote turi lomba ku serkali nju ya mama	Community writing event, self
Barini tuma kwenda kuangaria muzuri ile mambo ya mpango yetu	Community writing event, self
Mwenyewe mukubwa wa serkali ashinako ku ofisi yake	Community writing event, self
Mina tafuta lwangu ku rudia kwetu ni ende nimu oneshe mama	Community writing event, self
Mambo apa iko nguvu akuna namna ya kwendeleya	Community writing event, self
Bana katala kutu ujisha mpango	Community writing event, self
Ina katazwa kurima mu miba	Community writing event, self
Mama ari lala ana lota bana iba mpango yake	Community writing event, self
Mungu ata saidia batai leta	Community writing event, self
Tu saidieniko serkali wetu pa ile mambo ya ba mama	Community writing event, self
Na birima byote basha kubi uijisha	Community writing event, self
Atujue apa kama baba naye ata rima wapi	Community writing event, self
Mitenda sasa kumu fungisha ku serkali	Community writing event, self
Miye lwangu binani pitia	Community writing event, self
Tutenda ku ujisha ma mpango yetu yote	Community writing event, self
Bya ku landana tena atubi pende uku	Community writing event, self
Mineshana nabo nju ya ile mambo ya nkuni	Community writing event, self
Ba mama bote beko na nguvu ya kurima mashamba mu kongo	Community writing event, self
Tuna penda ku saidiya banamuke ku uza ma pango na mashamba	Community writing event, self
Mambo ya ba nkuku iko na leta shida ndani ya barimaji	Community writing event, self
Ku cadastre bana lombesha ma jina ya ba mama njuya ku ba kachiya ma pango	Community writing event, self
Safari ya ba mama bana ichofesha mu mwenji ya piri	Community writing event, self
Kama bana tumika muzuri, bata ba pachiya ma jembe na ma mpiki	Community writing event, self
Lokoteni buchafu mu bala bala shiku ya salongo	Community writing event, self
Ku pori ya ku kamoa ni mbari sana 	Community writing event, self
Ku mashamba ya ku pori, minji iko na toka muzuri sana	Community writing event, self
Bulongo bwa mu pori buko na tosha biakuria bia ku furaisha sana	Community writing event, self
Mu kongo tuko na ma fwashi ya mingi ya ku rima mashamba	Community writing event, self
Mwetu mu nyumba paka mama yetu njo ana penda ku rima	Community writing event, self
Bintu bia mashamba abionekane tena mu nsoko	Community writing event, self
Rudisheni bintu bile muri lomba ku mashamba	Community writing event, self
Bengine abaya pata bintu biabo bia kwanza nabio kurima	Community writing event, self
Turi lakana tupatane busubuyi njuya kwenda ku mashamba	Community writing event, self
Biyana biri iba bintu bia ku fanya nabio Kaji ku mashamba	Community writing event, self
Mwende mu ba bebe bale bari enda ku pori ku Tosha buyoka na matembele	Community writing event, self
Bilashi bia kwetu bina toka muzuri	Community writing event, self
Bingovu bile ba mama bari rima biko bia butamu sana	Community writing event, self
Banakatala banamuke kwanza kurima kwasho mikanda	Community writing event, self
Paku pata mikanda ya mpango, unapashwa kwenda ku cadastre	Community writing event, self
Baba anaujiya bibi yake ma mpango mbiri ya munene sana	Community writing event, self
Eko na penda ku saidiya ba mama ku uza ma mashamba kwa chefu	Community writing event, self
Makuta yetu tutenda nayo kwa chefu atu kachiye ma mpango	Community writing event, self
Kwa chefu bana shusha bei ya ma mpango	Community writing event, self
Kwa mama chefu eko na pokeya paka ba mama, njuu aba kachiye ma mpango	Community writing event, self
Mama yake anabakatariya ku chuma ma ndizi mwake mu mpango	Community writing event, self
Mu telemuke ku mayi, kuko myuwa ya butamu	Community writing event, self
Bilashi biri katala ku toka mwaka iri pita	Community writing event, self
Ba kubwa bale bana shimamiya ba mama, bana lombesha bintu bia kurima nabio	Community writing event, self
Ma bintu saa njembe, mposholo, na mpiki abikosake mu nyumba	Community writing event, self
Bantu bananza ku angariya namuna ya kuotesha bintu kupitiya mutando	Community writing event, self
Mifano ya mingi iko pa mutandao, njuu ya kuyuwa bintu muzuri	Community writing event, self
Mu kongo bantu abaya juwa ma haki yabo	Community writing event, self
Ma haki ya ba mama mu kongo iko na lamuka pole pole	Community writing event, self
Tufwatiriye sana mambo ya ba mama na urimaji	Community writing event, self
Ma mikanda ya mingi iko na lombesha makuta sana	Community writing event, self
Mu ba saidiye ba mama ku pata araka ma mikanda ya ma mashamba yabo	Community writing event, self
Ku nyumba ya mukubwa yangu bana pendaka kuria mioko	Community writing event, self
Mayi inayala mu mashamba na bantu bana shinda ku rima	Community writing event, self
Bana ba kataza ku ingisha banamuke mu mashamba kwa ba chefu ya mikini	Community writing event, self
Barifukusha banamuke ndani ya mashamba njuu bashi rime	Community writing event, self
Sukuma buruweti na upeleke mioko mu nsoko	Community writing event, self
Mushi Pomone mpango tusha ku iripia	Community writing event, self
Ma ndizi, na ma avocat iko bei sana mu mvula	Community writing event, self
Bale banamuke beko na uzisha biakuria bia kutoka ku mashamba	Community writing event, self
Kwetu kuko bia kuria bia mingi bile mama ari leta kutoka ku pori	Community writing event, self
Mushimurudishiye mioko na minji eko na ya mingi kwake	Community writing event, self
Analukula njuya Kaji ari fwanya ku mashamba na bibi yake	Community writing event, self
Kutumika na banamuke ni muzuri sana	Community writing event, self
Tufanyeni Kazi na wa mama	Community writing event, self
Wa mama wa mu kongo wana uzunika sana	Community writing event, self
Bana vuna minji ya mingi sana mu pori	Community writing event, self
Ba nkuku beko na chimbula minji bari rima busubuyi	Community writing event, self
Ba ndeke bana arabisha ma mbeko ya yulu yulu	Community writing event, self
Kama abayengeye mashamba ba mwinji bata iba sana bia kuria	Community writing event, self
Ma sheria ile iko na saidiya banamuke ku uza ma npango ni wazi sana	Community writing event, self
Abayuwake ma sheria ile ina semeya pa haki ya ba mama mu kongo	Community writing event, self
Mushibalokotiye mioko yabo	Community writing event, self
Ba askari bari beba minji na mioko iri kuya mu mashamba	Community writing event, self
Ba chefu ya mukini bana lombesha ule ana shimamiya haki ya ba mama	Community writing event, self
 Ba mama banayuwaka bintu bya mingi	Community writing event, self
Baritumikisha bintu bia mingi, na aba ku birudishe	Community writing event, self
Kaji yote ya kurima iko na ripa sana	Community writing event, self
Kama banamuke bote bari Anza kurima kama tuko na biakuria bia muzuri	Community writing event, self
Mu ba pachiye fwashi ya kurimiya po	Community writing event, self
Weka ma mbeko yote mu mufuko	Community writing event, self
Uki pande bia mayani uta weza ku leta Amani ndani ya jama yako	Community writing event, self
Ku lomba saa yote bia kuria ni miza mubaya	Community writing event, self
Ma kanisa iko na fundisha ba mama ku rima na ku tumikisha ma Kaji	Community writing event, self
Ma Kaji ya mingi iko paka na leta muchoko	Community writing event, self
Banamuke bari changa makuta njuu ya ku rima shamba ya munene sana	Community writing event, self
Mu weke beyi ya kalanga chini bantu bote ba weze ku uza	Community writing event, self
Maendeleo ya mukini ni ku saidiya ba mama ku uza ma mpango na mashamba	Community writing event, self
Ma njiya isha ku arabika sana	Community writing event, self
Kwenda ku mashamba paka u pande moto	Community writing event, self
Ku pori ni mbari lakini bintu biko na ota muzuri	Community writing event, self
Mu weke bia kuria biote mu ma nsaka tu ka peleke ku kanisa	Community writing event, self
Bakutumika ku mashamba bana lomba mboka na mayi	Community writing event, self
Kurimisha muzuri mashamba paka uweke banamuke ndani	Community writing event, self
Pale pa mpango, bari paluriya po mayani	Community writing event, self
Mwende mu ka paluriye mu mashamba na ba mama yabo	Community writing event, self
Muka oteshe tu ma bintu tuloko mu wakati ya nvula.	Community writing event, self
Semeki yako ana waleteya bintu bia ku mashamba	Community writing event, self
Baba na mama bana lala leo ku pori	Community writing event, self
Mama yako ata leta bia mayani na samaki leo bushiku	Community writing event, self
Mu lokoteshe  ma mbeko yote ya chini	Community writing event, self
Mwaka jana, ba mama bari rima sana mioko	Community writing event, self
Mulamuke mweye bote twende tu ka paluriye mituta	Community writing event, self
Batoto bana penda biakuria Bia ku mashamba	Community writing event, self
Katakata ma nkunyi tuka chome mbuji	Community writing event, self
Biviko bia mingi biko na kufwa kwasho malari	Community writing event, self
Ba mbuji bana ongezeka sana	Community writing event, self
Ngombe ina zalana Saną	Community writing event, self
Kondolo eko na nyama ya arufu sana	Community writing event, self
Mushi weke nyama chini ita bamba bulongo	Community writing event, self
Mulete ba Ndeke muri bamba mama yenu aka ujishe mu nsoko	Community writing event, self
Wa mama wana ongeza nguvu ndani ya urimaji	Community writing event, self
Tu changane shi bote, tu rime minji ya mingi	Community writing event, self
Ba mama bote beko na nguvu ya kurima mashamba mu kongo	Community writing event, self
Tuna penda ku saidiya banamuke ku uza ma pango na mashamba	Community writing event, self
Mambo ya ba nkuku iko na leta shida ndani ya barimaji	Community writing event, self
Ku cadastre bana lombbesha ma jina ya ba mama njuya ku ba kachiya ma pango	Community writing event, self
Kama bana tumika muzuri, bata ba pachiya ma jembe na ma mpiki	Community writing event, self
Lokoteni buchafu mu bala bala shiku ya salongo	Community writing event, self
Ku mashamba ya ku pori, minji iko na toka muzuri sana	Community writing event, self
Bulongo bwa mu pori buko na tosha biakuria bia ku furaisha sana	Community writing event, self
Mu kongo tuko na ma fwashi ya mingi ya ku rima mashamba	Community writing event, self
Mwetu mu nyumba paka mama yetu njo ana penda ku rima	Community writing event, self
Bintu bia mashamba abionekane tena mu nsoko	Community writing event, self
Rudisheni bintu bile muri lomba ku mashamba	Community writing event, self
Bengine abaya pata bintu bia kwanza nabio kurima	Community writing event, self
Turi lakana tupatane busubuyi njuya kwenda ku mashamba	Community writing event, self
Ba biyana bari iba bintu bia ku fanya nabio Kaji ku mashamba	Community writing event, self
Mwende mu ba bebe bale bari enda ku pori ku Tosha buyoka na matembele	Community writing event, self
Bingovu bile ba mama bari rima biko bia butamu sana	Community writing event, self
Banakatala banamuke kwanza kurima kwasho mikanda	Community writing event, self
Paku pata mikanda ya mpango, unapashwa kwenda ku cadastre	Community writing event, self
Baba anaujiya bibi yaka ma mpango mbiri ya munene sana	Community writing event, self
Eko na penda ku saidiya ba mama ku uza ma mashamba kwa chefu	Community writing event, self
Makuta yetu tutenda nayo kwa chefu atu kachiye ma mpango	Community writing event, self
Kwa chefu bana shusha bei ya ma mpango	Community writing event, self
Chefu eko na pokeya paka ba mama, njuu aba kachiye ma mpango	Community writing event, self
Mamayake anabakatariya ku chuma ma ndizi mwake mu mpango	Community writing event, self
Mu telemuke ku mayi, kuko myuwa ya butamu	Community writing event, self
Bilashi biri katala ku toka mwaka jana	Community writing event, self
Ba chefu bana lombesha bintu bia kurima nabio	Community writing event, self
Ma bintu saa njembe, mposholo, na mpiki abikosake mu nyumba	Community writing event, self
Bantu bananza ku angariya namuna ya kuotesha bintu pashipo dawa	Community writing event, self
Mifano ya mingi iko pa mutandao, njuu ya kuyuwa bintu muzuri	Community writing event, self
Mu kongo bantu abaya juwa ma haki yabo	Community writing event, self
Haki ya ba mama mu kongo iko na lamuka pole pole	Community writing event, self
Tufwatirye sana mambo ya ba mama na urimaji	Community writing event, self
Ma mikanda ya mingi iko na lombesha makuta sana	Community writing event, self
Mu ba saidiye ba mama ku pata araka ma mikanda ya ma mashamba yabo	Community writing event, self
Ku nyumba ya mukubwa yangu bana pendaka kuria mioko	Community writing event, self
Mayi inayala mu mashamba na bantu bana shinda ku rima	Community writing event, self
Bana ba kataza ku ingisha banamuke mu mashamba kwa ba chefu ya mikini	Community writing event, self
Barifukusha banamuke ndani ya mashamba njuu bashi rime	Community writing event, self
Sukuma buruweti na upeleke mioko mu nsoko	Community writing event, self
Mushi Pomone mpango tusha ku iripia	Community writing event, self
Ma ndizi, na ma avocat iko beyi sana mu mvula	Community writing event, self
Bale banamuke beko na uzisha biakuria bia kutoka ku mashamba	Community writing event, self
Kwetu kuko bia kuria bia mingi bile mama ari leta kutoka ku pori	Community writing event, self
Mushimurudishiye mioko na minji eko na ya mingi kwake	Community writing event, self
Analukula njuya Kaji ari fwanya ku mashamba na bibi yake	Community writing event, self
Kutumika na banamuke ni muzuri sana	Community writing event, self
Tufanyeni Kazi na wa mama	Community writing event, self
Wa mama wa mu kongo wana uzunika sana	Community writing event, self
Bana vuna minji ya mingi sana mu pori	Community writing event, self
Ba nkuku beko na chimbula minji bari rima busubui	Community writing event, self
Ba ndeke bana arabisha ma mbeko ya yulu yulu	Community writing event, self
Kama abayengeye mashamba ba mwinji bata iba sana bia kuria	Community writing event, self
Ma sheria ile iko na saidiya banamuke ku uza ma npango ni wazi sana	Community writing event, self
Abayuwake ma sheria ile ina semeya pa haki ya ba mama mu kongo	Community writing event, self
Mushibalokotiye mioko yabo	Community writing event, self
Ba askari bari beba minji na mioko iri kuya mu mashamba	Community writing event, self
Bachefu ya mukini bana lombesha ule ana shimamiya haki ya ba mama	Community writing event, self
Mashikiyo ya ba mama ni ya nguvu, banayuwaka bia mingi	Community writing event, self
Baritumikisha bintu bia mingi, na aba ku birudishe	Community writing event, self
Kaji yote ya kurima iko na ripa sana	Community writing event, self
Kama banamuke bote bari Anza kurima kama tuko na biakuria bia muzuri	Community writing event, self
Mu ba pachiye fwashi ya kurimiya po	Community writing event, self
Weka ma mbeko yote mu sakoshi	Community writing event, self
Uki pande bia mayani uta weza ku leta Amani ndani ya jama yako	Community writing event, self
Ku lomba saa yote bia kuria ni miza mubaya	Community writing event, self
Ma kanisa iko na fundisha ba mama ku rima na ku tumikisha ma Kaji	Community writing event, self
Ma Kaji ya mingi iko paka na leta muchoko	Community writing event, self
Banamuke bari changa makuta njuu ya ku rima shamba ya munene sana	Community writing event, self
Mu weke beyi ya kalanga chini bantu bote ba weze ku uza	Community writing event, self
Maendeleo ya mukini ni ku saidiya ba mama ku uza ma mpango na mashamba	Community writing event, self
Ma njiya isha ku arabika sana	Community writing event, self
Kwenda ku mashamba paka upande moto	Community writing event, self
Ku pori ni mbari lakini bintu biko na ota muzuri	Community writing event, self
Mu weke bia kuria bioto mu ma nsaka tu ka peleke ku kanisa	Community writing event, self
Bakutumika ku mashamba bana lomba mboka na mayi	Community writing event, self
Kurimisha muzuri mashamba paka uweke banamuke ndani	Community writing event, self
Pale pa mpango, bari paluriya po mayani	Community writing event, self
Mwende mu ka paluriye mu mashamba na ba mama yabo	Community writing event, self
Muka oteshe tu ma bintu tuloko mu wakati ya nvula.	Community writing event, self
Semeki yako ana waleteya bintu bia ku mashamba	Community writing event, self
Baba na mama bana lala leo ku pori	Community writing event, self
Mama yako ata leta bia mayani na samaki leo bushiku	Community writing event, self
Mu lokoteshe na ma mbeko yote ya chini	Community writing event, self
Mwaka jana, ba mama bari rima sana mioko	Community writing event, self
Mulamuke mweye bote twende tu ka paluriye mituta	Community writing event, self
Batoto bana penda biakuria Bia ku mashamba	Community writing event, self
Katakata ma nkunyi tuka chome mbuji	Community writing event, self
Bivuko bia mingi biko na kufwa kwasho malari	Community writing event, self
Ba mbuji bana ongezeka sana	Community writing event, self
Ngombe ina zalana Saną	Community writing event, self
Kondolo iko na nyama ya arufu sana	Community writing event, self
Mushi weke nyama chini ita bamaba bulongo	Community writing event, self
Mulete ba Ndeke muri bamba mama yenu aka ujishe mu nsoko	Community writing event, self
Wa mama wana ongeza nguvu ndani ya urimaji	Community writing event, self
Tu changane shi bote, tu rime minji ya mingi	Community writing event, self
Mama wa nyumba anajitayarisha kwenda ku mashamba	Community writing event, self
mama anaenda ku mashamba kurima mindi na maragi	Community writing event, self
kwa sababu imusaidie yeye na jamaa yake 	Community writing event, self
Jamuri yaki democracia ya kongo inalomba ba mama ba rime	Community writing event, self
Ba mama ba fanye kazi yoyote kisha mashamba	Community writing event, self
Mama ana toka ku mashamba	Community writing event, self
Mama anenda ku uzisha lenga lenga	Community writing event, self
Minji ina komeya muzuri	Community writing event, self
Ina pashwa kwenda ku cadastre ku beba mikanda	Community writing event, self
Ba mama beko na haki ya kurima bila tatizo	Community writing event, self
kufa mama eko na droit yaku pyana bintu 	Community writing event, self
Mu sheria yetu mama anapashwa kutumika kazi yoyote ile anapenda	Community writing event, self
anaweza ku uzisha ku fanya entreprenariat ku tumika mu 	Community writing event, self
mining anaweza piya ku dirige entreprise mama anaweza 	Community writing event, self
vivile ku tumikaya inchi kwa sababu ba mama beko nabo piya	Community writing event, self
utile mu societe mama eko anaweza kutumika ata ku hospital	Community writing event, self
Ba mama baji toleye ku ma kaji	Community writing event, self
Mama ana pashwa ku juwa kaji yoyote	Community writing event, self
Aifai mama abakiye bila ku tumika	Community writing event, self
Mu jamuri ya ki democracia ya congo mama eko na haki ya ku fungula kampuni yake	Community writing event, self
Bana mu kaburiya mama ba mbuji	Community writing event, self
Rafiki yake ya mama ana kufa pashipo malari	Community writing event, self
Baba ari nita jana nika bebe makuta	Community writing event, self
Baba yangu ni muntu mupole sana	Community writing event, self
Baba yangu ari kufa ana nyacha na myaka tatu	Community writing event, self
Nkambo yangu ari kuyaka chefu wa mukini	Community writing event, self
Nkambo eko na mukono ya ku rima	Community writing event, self
Mashamba yetu ina tosha malaki mingi sana	Community writing event, self
Bintu bya mashamba bina poteya	Community writing event, self
Mashamba yetu iko munene sana	Community writing event, self
Mu jamuri ya ki democratia ya kongo bana lomba bantu bote barime	Community writing event, self
Akuna sheria ile ina kataza ba mama ku tumika	Community writing event, self
Iyi mwaka mama ata rima pa mpango yetu	Community writing event, self
Mita rima matembele na kilanga	Community writing event, self
mama anaweza piya ku pistule ku ma election provincial ata	Community writing event, self
vile ma election presidentielle mwanamke ata vivile anaweza	Community writing event, self
Raisi wa inchi ana letaka salama mu jamuri yake	Community writing event, self
kwa sababu akuna sheria ile inasema ya kwamba mwanamke	Community writing event, self
abaki paka ku fanya kazi ya ku nyumba mama eko na haki ya 	Community writing event, self
Mwanamuke eko na uwezo ya tumika kaji ya ofisi ata ku ongoza ma kampuni 	Community writing event, self
Ku tumika mu ma ofisi ao ku ongoza ma kampuni aina paka kaji ya banaume	Community writing event, self
Kaji ya wanaume ata mwanamuke anaweza ku ifanya	Community writing event, self
Mashamba ni ya lazima sana mu maisha yetu 	Community writing event, self
Mama wa nyumba anajitayarisha kwenda ku mashamba	Community writing event, self
Mama ana enda ku mashamba ku rima minji na malaki	Community writing event, self
Mashamba ina saidiya mama na jamaa yake	Community writing event, self
Sheria ya ki democracia ya kongo inasema bulongo ni bwa leta	Community writing event, self
Ba mama beko na uwezo wa kufanya kazi yoyote	Community writing event, self
Mama anarudiya kutoka ku mashamba	Community writing event, self
Mama arienda kusoko ku uzisha lengalenga iri tosha ku mashamba	Community writing event, self
Kama uko na mashamba ni salama	Community writing event, self
Miri beba mikanda yangu ya mpango kwa ba kubwa beko nagariya mambo ya ma mpango	Community writing event, self
Mpango yangu ni ya zamani	Community writing event, self
Mita otesha michi ya mingi mu mpango yangu	Community writing event, self
Muntu wote eko na haki ya ku uza na kuyenga 	Community writing event, self
Ari piana nyumba ya bwana yake	Community writing event, self
Kisha bwana kufwa manamuke eko na haki ya ku piana bintu bia bwana yake	Community writing event, self
Mama anapashwa kutumika kazi yoyote ile anapenda	Community writing event, self
Mwanamuke ashi wezi paka ku tumika mu mashamba ya bwana yake	Community writing event, self
Mama yeyote eko na uwezo ya ku ongoza ata inchi 	Community writing event, self
vivile kutumiya inchi kwa sababu mama naye eko na 	Community writing event, self
Maisha iko nguvu pashipo ku rima	Community writing event, self
Bintu bile turi rima mu mashamba bina kauka biote	Community writing event, self
Iyi mashiku tuku na kuria baka bintu bia mu mashamba yetu	Community writing event, self
Mashamba ya mama ina tu saidia sana	Community writing event, self
Baba ana ripa bantu bende baka rime ku mashamba yetu	Community writing event, self
Mama ana penda kutu fundisha kaji ya mashamba	Community writing event, self
Mu kaji ya mashamba mama ana uziyamo ma mpango mbiri	Community writing event, self
Kama bantu bote bananza ku rima njala ita isha mu mukini	Community writing event, self
Tuki rime na dawa bintu abitakuya butamu	Community writing event, self
Sombe ile turi rima iko teke teke	Community writing event, self
Tuna tosha mu mashamba minji ya ku toboka	Community writing event, self
Iyi mwaka bintu abi komeye muzuri	Community writing event, self
Pori ina isha mu mukini bantu bana shinda ku rima	Community writing event, self
Bantu beko na teswa nju ya ku kosa ku rima	Community writing event, self
Ba mwiji bana iba minji yote mu mashamba	Community writing event, self
Tuna pashwa kupeleka bantu baku chunga mashamba	Community writing event, self
Batoto bana funda masomo paka mu kaji ya mashamba	Community writing event, self
Mashamba iko na ripa sana	Community writing event, self
Kesho tuku nenda shibote ku mashamba	Community writing event, self
Mama anenda ku uza mbeko yaku otesha 	Community writing event, self
Kaji ya mashamba ina lomba kuya na nguvu sana	Community writing event, self
Mashamba njo iko leta maendeleo ya inchi	Community writing event, self
Mwanamuke njo anafanyaka sana kaji ya mashamba	Community writing event, self
Kaji ya nyumba ina angariya mwanamuke na mwanaume naye	Community writing event, self
Kuya na mashamba ni haki ya mwanamuke nayo	Community writing event, self
Mwanamuke eko na haki ya fanya siasa	Community writing event, self
Mama naye awezi ku vuka bivuko	Community writing event, self
mu jamuri ya ki democracia ya congo akuna uchaguzi ya banaume ao banamuke	Community writing event, self
Ina katazwa kwa mwanamuke kuchibula maibwe	Community writing event, self
Tuna pashwa ku saidiana sisi wote	Community writing event, self
Wa baba wote inapashua ku saidia wa mama 	Community writing event, self
Mwanamuke katika kampuni analeteka maendeleo	Community writing event, self
Na wa mama wa si ogope ku tumika	Community writing event, self
Wa mama weko piya na haki ya ku tumIka 	Community writing event, self
Kazi ya ki askari na ku linda inchi	Community writing event, self
Mama eko piya na haki ya ku fanya kazi yoyote	Community writing event, self
Kazi ya ki mwalimu mama anezi tumika	Community writing event, self
Mama anawezi paka ku lima mashamba 	Community writing event, self
Mama anaweza ku uza udongo	Community writing event, self
Eko piya na haki ya ku riti vitu mama	Community writing event, self
Anaweza ata vivile ku loba samaki 	Community writing event, self
Sheria ya jamuri ya ki democracia ya kongo ina sema ata mu ndowa wa chumbe	Community writing event, self
Bibi na bwana ba ki achana inapashua ku kabula vitu 	Community writing event, self
Mama eko na haki ya ku beba vitu kipande kama bwa anakufwa	Community writing event, self
Mwanamke eko piya na haki ya ku fuga	Community writing event, self
mwanamke kisha bwana kufa mama anaweza kubeba bintu	Community writing event, self
Kweli ku kosa ma adibisho wanawake awa wezi kujuwa haki yabo	Community writing event, self
Mwanamuke eko na haki ya uwongozaji ya ku omba ao ku kinga 	Community writing event, self
Akuna uchakuzi wala vitu vya upeke 	Community writing event, self
Wanawake wa maeneo ya vijiji aba yuwaki ma haki yabo	Community writing event, self
Mwanamke akitaka ku uza pango eko na haki	Community writing event, self
Inapashua ku enda ku uza mkanda kwa wa pango	Community writing event, self
Kaji ya cadastre ni ku usika na mambo ya viwaza	Community writing event, self
Bantu ba cadastre bari weka mpaka wa mpango yangu	Community writing event, self
Wa mama tushibakiye nyuma 	Community writing event, self
Wa mama wana pashwa kuwa na maendeleo 	Community writing event, self
Ba mama tu bebe mufano wa Julianne Lusenge	Community writing event, self
Ni mama ule eko na saidia ba mama mingi	Community writing event, self
Kazi ya ki munganga ata na wa mama wanaweza kufanya	Community writing event, self
Bitu byote muliuzaka pamoya muta gawanya	Community writing event, self
Fasi ya kwanza uta weza kwenda kwa chef wamugini wala ku cadastre	Community writing event, self
Mfano mpango, mashamba ama kuwa na kazi ndani mwanamuke eko na haki	Community writing event, self
Wana wake wa jamuuri ya democratia ya congo wana aki ya weko na haki ya kuwa na kila kitu kama wana ume	Community writing event, self
Lakini kya ku shangaza wana wake wana rudi nyuma kusema kwamba hawana na haki	Community writing event, self
Sheria yetu kwa sasa inaruusu mwanamuke kuwa na kitu	Community writing event, self
Bunga buna panda beyi kalemie	Community writing event, self
Tanganika ni lac ya pili ku unene mu dunia	Community writing event, self
Kuwa na kitu mama ni haki yako pia	Community writing event, self
Watu wa kolwezi niwa shujaa ku kazi	Community writing event, self
Jamhuri ya ki democrasia ya kongo ina mali mingi	Community writing event, self
Mama anasafiri na dege kwenda lubumbashi	Community writing event, self
Mwanamuke eko na haki ya kuwa na duka yake mwenyewe	Community writing event, self
Ata kutumika kuma kampuni mbalimbali ndani ya inchi yetu	Community writing event, self
Gavana wa jimbo la kolwezi ni mwanamuke	Community writing event, self
Wanafunzi wana toka mchezo saha ine ya mchana	Community writing event, self
Mwalimu analeta mtiani kwa wanafunzi ndani ya darasa	Community writing event, self
Kongolo njala inaingi iyi mashiku	Community writing event, self
Kolwezi batu banalamuka busubuyi sana kwenda mukaji	Community writing event, self
Na kuna watumikaji wa mingi  mu kolwezi	Community writing event, self
Ni kwenu wa mama pia kutumika 	Community writing event, self
Musi rudi tena nyuma wa mama sababu ni haki yenu	Community writing event, self
Haki ndani ya inchi yetu aiangalie jinsia 	Community writing event, self
Sote tuko na haki moja kulingana na sheria ya inchi yetu	Community writing event, self
Mama moja eko na shamba yake kubwa sana	Community writing event, self
Anaenda na mwenzake kulima pamoja	Community writing event, self
Tuanze limishana moya moya	Community writing event, self
Jembe yangu inavunjika	Community writing event, self
Mupanga ina ni kata turudi nyumbani	Community writing event, self
Niko na shamba yangu iliniachiaka kambo yangu	Community writing event, self
Kesho twende uka nilimishe na mie	Community writing event, self
Tuache ubaguzi wa makabila	Community writing event, self
Tuwe sote kwa umoja	Community writing event, self
Mwenzangu na mie niko na ecta kumi ya mashamba	Community writing event, self
Tupendane sisi sote tuwe na limishana	Community writing event, self
Kama uko na shamba wende katafute mikanda	Community writing event, self
Sababu ni haki yako ya kuya na kintu	Community writing event, self
Ndani ya inchi yetu haki aiangalii jinsia	Community writing event, self
Kuji funza ni bora sababu niya muimu	Community writing event, self
Kuna wale wanao soma nawana saidia inchi	Community writing event, self
Maji yana mafaha sana kwa muntu	Community writing event, self
Kuelimika ni bora zaidi kwa mtu	Community writing event, self
Kuweka akiba ni kitu yamaana sana kwa mtu	Community writing event, self
Tanganika inatoshaka mikebuka mingi sana	Community writing event, self
Kutumika kuna leta mafaa kwa mutu	Community writing event, self
Maisha niya wale wanao kuwa na bidii	Community writing event, self
Teknolojia inaendelea mu dunia	Community writing event, self
Kufundisha mwanamuke ni kufundisha inchi yote	Community writing event, self
Tafazali niko ku meza	Community writing event, self
Naenda ku kalemie	Community writing event, self
Maisha ni mlima kupanda na kushuka	Community writing event, self
Ndowa ni furaha ya familia na kwa watu wa wili	Community writing event, self
Sayansa bila ufaamu inaaribu dunia	Community writing event, self
Kulala ni raisi lakini kulamuka ni neema ya Mungu	Community writing event, self
Kuongoza watu si jambo raisi	Community writing event, self
Umoja unaleta nguvu	Community writing event, self
Kalemie iko na milima mingi	Community writing event, self
Kongo iko napokeya watu wengi kwa ajili ya mali inayo kuwa ndani	Community writing event, self
Wakongomani wanapenda kwenda bulaya	Community writing event, self
Njia ya lubumbashi kalemie ni mbaya sana	Community writing event, self
Kibangula wana limaka muchele mingi	Community writing event, self
Goma kuko mulima inatokaka moto	Community writing event, self
Okapi anapatikana tu mu jamhuri ya democrasia ya kongo	Community writing event, self
Kongolo pia bunga buna panda bei sana	Community writing event, self
Wambote wana sumbua sana kwenye jimbo ya tanganyika	Community writing event, self
Meli ya amani njo ya munene mu lac tanganyika	Community writing event, self
Usafiri wa meli bukama kongolo  ni mubaya sana	Community writing event, self
Moba weko na lima sana maharagi mingi	Community writing event, self
Kumutumainia Mungu ni bora zaidi kuliko muntu	Community writing event, self
Kasavubu ndiye rahisi wa kwanza wa jamhuri ya kidemocrasia ya kongo	Community writing event, self
Watu wengine kolwezi weko na kula kufatana na pato ya siku	Community writing event, self
Mwanamuke kama eko nakitu nikyake ni haki yake	Community writing event, self
Zamani njo akukuwaka iyo haki ya wanawake	Community writing event, self
Gavana wa kwanza wa jimbo la tanganyika ni Ngoy kitangala richard	Community writing event, self
Buvivu ni malali ndani ya maisha	Community writing event, self
Inastahili mutu kutumika kwa ajili ya maisha	Community writing event, self
Ukimwi ni magonjwa inayo tokana na ngono	Community writing event, self
Tamaa inaleta asara ndani ya maisha ya muntu	Community writing event, self
Asilia niya maana sana kwa muntu	Community writing event, self
Usi zarau kazi unayo fanya maishani mwako	Community writing event, self
Eshima mumaisha ya muntu niya maana	Community writing event, self
Usi bambe mahamuzi wakati uko na asira	Community writing event, self
Wa china wanatumika kolwezi bila kupumuzika	Community writing event, self
Malali ya corona inauwa watu wengi sana	Community writing event, self
Nvula kwa mwaka huu inauwa watu sana	Community writing event, self
Shika ile ambayo mzazi anakuambia ili uishi siku mingi	Community writing event, self
Kuishi na watu ni kitu ya maana kwa mutu	Community writing event, self
Baze beko na ma arishi ya mingi	Community writing event, self
Mwalimu ni mzazi wa pili wa mtoto	Community writing event, self
Kila ndege anaikalaka na mlilio wake	Community writing event, self
Ntumbako iko na aribisha maungu ya bantu	Community writing event, self
Eshima ya muntu inatoka kwa yemoya	Community writing event, self
Kuji fanya kuyuwa kuna fanya mutu kuto kuyuwa	Community writing event, self
Kueshimu muda niya lazima	Community writing event, self
Kila mutu ni vema kwenda kupata kitambulisho ya inchi	Community writing event, self
Corona ilifungisha masomo mbele ya wakati mu mwaka wa elfu mbili makumi mbili na moja	Community writing event, self
Ku rumia muntu ni kusabwa byote	Community writing event, self
Kupenda ni tendo	Community writing event, self
Muntu wote ana pashwa kuria	Community writing event, self
Ni muzuri kwikala na mkambo eko na teka arishi	Community writing event, self
Kucheka kuna saidia mutu kwa afya	Community writing event, self
Kuwa na yesu pamoja ni raha tele maishani	Community writing event, self
Kumutumia hela mama ni vema zaidi kuliko mpenzi wako	Community writing event, self
Maana ubarikiwe mtoto wangu niya mahana sana kuliko asante mpenzi wangu	Community writing event, self
Kutii mzazi niya lazima na ya maana kwa mtoto	Community writing event, self
Watoto siku izi awana tena adabu mbele ya wakubwa	Community writing event, self
Kanisa ni maana pa kumuabudu Mungu	Community writing event, self
Shule na kanisa ni maali pa mahadibisho	Community writing event, self
Kutumikia Mungu ni bora zaidi kuliko mutu	Community writing event, self
Raha yote siyo raha ingine ni uzuni	Community writing event, self
Mazowezi niya faida kwa mtu	Community writing event, self
Araka araka sio baraka	Community writing event, self
Kilimo ni utajiri wa kwanza mumaisha	Community writing event, self
Goma bulongo buko mboleo	Community writing event, self
Mubuhemba muko ngazi mingi sana	Community writing event, self
Makuta inaishishaka bunduku	Community writing event, self
Mwili ya mtu iko na adabu kushinda mtu mwenyewe	Community writing event, self
Vita inaleta njaa kwa watu	Community writing event, self
Ukovu ni njia ya upekee	Community writing event, self
Watu wanapenda miujiza kuliko ukovu	Community writing event, self
Mateso inasemeshaka mutu mabaya	Community writing event, self
Naenda shuleni kubeba cheti 	Community writing event, self
Mwangeji ni opitalo munene mu kolwezi	Community writing event, self
Afya ni jambo njema kwa mutu	Community writing event, self
Usikate tamaa kabla auja kufa	Community writing event, self
Usifazaike maishani mwako yesu yupo	Community writing event, self
Usi tamani sababu uta fikia kuiba	Community writing event, self
Makuta ni kitu bule	Community writing event, self
Gereza inaadibisha wa pumbafu	Community writing event, self
Usi chukie mutu sababu aujuwi kesho yake	Community writing event, self
Penda nduku yako sa wemoya	Community writing event, self
Kujivuna akusaidii kitu 	Community writing event, self
Maisha ni polepole usichoke kutafuta	Community writing event, self
Saidia leo kesho bata kusaidia na weye	Community writing event, self
Usipende dunia ita kupeleka pa baya	Community writing event, self
Kuweza mtiani ni furaha kwa wanafunzi wa msingi	Community writing event, self
Katumbi ni presidenti wa timu ya TP mazembe	Community writing event, self
Mahadibisho ya mtoto inaanzia tangu chini ya umri wake	Community writing event, self
Kusoma kuna fanya mutu ku yuwa	Community writing event, self
Bigobo kuko mahembe mingi	Community writing event, self
Mazowezi ya kusoma ni china ya sayansa	Community writing event, self
Ku geuza ngozi ni kuhuwa mwili	Community writing event, self
bukari bwa kimbala aba bupikiyake nkuku	Community writing event, self
Yote ya kupita inaaribisha	Community writing event, self
Mtoto akichoma nyumba auwezi mutupia amo	Community writing event, self
Kula na kupuliza sa panya	Community writing event, self
Napenda kuendelesha masomo mu inchi ya kigeni	Community writing event, self
Kusema kwingi na mabaya ayakosi	Community writing event, self
Usi hukumu usije kuhukumiwa	Community writing event, self
Tahi ni ndege munene sana	Community writing event, self
Usi kalamukiye mamba na auya vuka maji	Community writing event, self
Jivunie kile uko nakyo	Community writing event, self
Wanafunzi wa apa sasa wana penda masomo ya ki munganga	Community writing event, self
Mama ni msaidizi wa baba	Community writing event, self
Kula kwa sana ni bulafi	Community writing event, self
Batoto banapenda dissin annimé	Community writing event, self
Jana nilienda kumazowezi ya wa vijana	Community writing event, self
Sabato inayo kuja niya vijana	Community writing event, self
Madaraka yote inatoka kwa Mungu	Community writing event, self
Unapo pata faida kukitu shikiliya	Community writing event, self
Kupenda kula sana uta kula na kya kukuuwa	Community writing event, self
Mboga na matunda ni bora sana ku afya ya mutu	Community writing event, self
Napenda kuuza mpango mwaka kesho	Community writing event, self
Ngoma iki vuma sana mwisho ita pasuka	Community writing event, self
Tumika na imani Mungu atakusaidia	Community writing event, self
Kampuni kamoa inaongozwa na wa zungu	Community writing event, self
Akili ni mali kwa mutu	Community writing event, self
Kuteta mutu ni mubaya ni bora kumwambia	Community writing event, self
Funga mudomo wako maneno mabaya yasikutoke kinywani mwako	Community writing event, self
Heshimu wa zazi wa mwenzako sa bako	Community writing event, self
Baloko yangu bote banaolewa nabaki mie peke	Community writing event, self
Apa sasa vijana wanapenda sana kimombo na kingereza	Community writing event, self
Asubui mbele ya kutoka niliomba Mungu	Community writing event, self
Mindi yangu ina refuka sana	Community writing event, self
Iyi mwezi nita kula kalanga yangu nilipanda	Community writing event, self
Kukula nyama sana ina leta malali	Community writing event, self
Bya kubambabamba bita kuuwisha	Community writing event, self
Ni mubaya kuendesha gari kama uko mulevi	Community writing event, self
Kuji kinga ni vizuri sana maishani	Community writing event, self
Bu semeseme buta kufikisha pa baya	Community writing event, self
Usiimbe sifa mbele ya vita	Community writing event, self
Tu tupe buchafu mbali juya kuepuka magonjwa	Community writing event, self
Usitape gulube mafuta ata zima moto	Community writing event, self
Wa askari weko ni kwa ajili ya kulinda mugini	Community writing event, self
Usiangalie makosa ya mwenzako makosa iko na kila mutu	Community writing event, self
Siri ya maisha ni kutumika	Community writing event, self
Ukipata leo saidia wengine kesho watakusaidia na weye	Community writing event, self
Fitina ni mbaya kwa mutu	Community writing event, self
Mambo ya kesho atuiyuwi niya Mungu	Community writing event, self
Kupata na kupatikana ni vitu viwili vya maisha	Community writing event, self
Lubumbashi ni mji mkubwa wa jimbo la katanga	Community writing event, self
Kuwa na uhuru mutu eko na afya bora	Community writing event, self
Bibilia ni kisu kya makali ngambo mbili	Community writing event, self
Shukuru mungu na ile una pata	Community writing event, self
Ma mpango sasa inakuwa beyi sana	Community writing event, self
Pakupata kazi siku iyi paka uwe na wako ku mbele	Community writing event, self
Ku bembeleza bu nyumba ni kwa lazima mama	Community writing event, self
Sio shauri yote uta ishika	Community writing event, self
Unapo saidia usi jivune	Community writing event, self
Ku gorofea mutu haki yake ni mubaya	Community writing event, self
Haki ya mutu inabaki haki yake kila siku	Community writing event, self
Siri ya mutu inajuwa mutu ye moya na Mungu	Community writing event, self
Kuiba sio kubeba na kubeba sio kuiba	Community writing event, self
Usijifanye kujuwa na kitu auyuwi	Community writing event, self
Napenda kuyenga pa pango yangu iyi mwaka	Community writing event, self
Sita choka kumshukuru Mungu wangu	Community writing event, self
Acha batu bakusifu apana kuji sifu	Community writing event, self
Hofu zote za tuliza	Community writing event, self
Yesu ni furah ya myoyo yetu	Community writing event, self
Muyomba anaenda kulima mashamba yake	Community writing event, self
Maman anaenda shota mayi asema twende tu nyangule	Community writing event, self
Tasema tena nini pale weye usha sema	Community writing event, self
Kesho taenda ku kasayi nika uze diamand	Community writing event, self
Ukimtumainiye Mungu akuna kile kita kupata	Community writing event, self
Siku ya kesho nitaenda kukanisa	Community writing event, self
Kulia kwako umuwekee yesu uta cheka kesho	Community writing event, self
Byote uta sikia aina bya kweli na bya bongo biko amo	Community writing event, self
Kulia mama ni kumuona	Community writing event, self
Kupenda sana mtoto nikumuaribu	Community writing event, self
Kusikia kwa mtoto siyo kupika fimbo	Community writing event, self
Kufokea mtoto kila saha nikumupa kichwa nguvu	Community writing event, self
Kitu aujuwi uliza bakuoneshe	Community writing event, self
Mambo ya batu usikubebe wakati ju aina yako	Community writing event, self
Kutulia mumaisha nikwa mahana sana	Community writing event, self
Usi zarau mutu ju unapata leo	Community writing event, self
Ule anajifanyaka kuwa mupumbafu njo anajuwaka	Community writing event, self
Kya chini ya kitanda abakibebaki bwima	Community writing event, self
Kula bya sukari sana bina aribu afya	Community writing event, self
Kama uko na kula nyama ya nkuku ni mubaya kuvunja mufupa	Community writing event, self
Mutu akisha shiba anasahau wengine	Community writing event, self
Kusalimiana nikitu kya mahana kwa mutu	Community writing event, self
Mambo aichaki fasi kila mutu eko na mambo	Community writing event, self
Raisi wa tanzania ni mwanamuke kwa sasa	Community writing event, self
Lubumbashi iko napokea wageni kila siku 	Community writing event, self
Tanganika mwezi wa saba inaikalaka na pepo mingi sana	Community writing event, self
Vifo siku izi vinakuwa vingi sana	Community writing event, self
Ni vema kusaidia wajane na mayatima	Community writing event, self
Kupata kazi mu lubumbashi ni shida kabisa	Community writing event, self
Malaria inaletwa na imbu	Community writing event, self
Kama unapenda kuyuwa uji shushe	Community writing event, self
Kile uta panda njo kile uta vuna	Community writing event, self
Ngazi ya kuoza ina toshaka mafuta ya kuwasha	Community writing event, self
Vita ya ba mbote inafanya batu basi lime tena ku kalemie	Community writing event, self
Kanyama kasese ilileta amani mu kolwezi 	Community writing event, self
Maisha ya leo inakuwa ya kula na kuvala	Community writing event, self
Uki fokeya kilubi ikosa una mwanga mayi ku mukongo ya bata	Community writing event, self
Ma luga ya ma kabila ilianzia ku munara wa babeli	Community writing event, self
Wa isiraeli walifanya mwika makumi ine mu safari	Community writing event, self
Mindji balisha ichamusha	Community writing event, self
Ba bangubangu bana kulaka wali na mikono	Community writing event, self
Balimwiba makuta yote mu ville	Community writing event, self
Kulomba siyo kosa kosa ni kuiba	Community writing event, self
Mu katholika muko ma sanamu	Community writing event, self
Zambia kuko wa advantista wengi na rwanda	Community writing event, self
Ba kambo balikuwa napashana ma abari kupitia ngoma	Community writing event, self
Wavijana wanapenda sana kufata kabumbu siku izi	Community writing event, self
Pakupata kitambulisho kya inchi paka makuta ah	Community writing event, self
Kama banakupa kitu shukurani niya lazima	Community writing event, self
Dunia kwa sasa inakuwa kama sodoma na gomora	Community writing event, self
Kutumainia mutu kuna leta asara kubwa	Community writing event, self
Mashuwa ya kalemie kindu aitembei tena kwa sasa	Community writing event, self
Bahemba banakataneka mipanga juya mungazi moya	Community writing event, self
Kusemea mtu bya bongo abisaidii kitu	Community writing event, self
Dawa ya ndowa ni musamaha	Community writing event, self
Mapapa nayo isha panda bei iyi siku	Community writing event, self
Kinshasa mayi iliuwa batu mwaka jana	Community writing event, self
Furayi na kile uko nakyo	Community writing event, self
Masomo ya zamani naya sasa inaachana	Community writing event, self
Balimu beko naomba makuta juya mutu aweze	Community writing event, self
Bana nilomba makuta asubui kwa dada	Community writing event, self
Mupunguza deni simujinga	Community writing event, self
Parque ya virunga niya munene mu afrika	Community writing event, self
Mashamba ni butajiri bwa kwanza mu dunia	Community writing event, self
Ni bora kuona kuliko ku fasiriwa	Community writing event, self
Kipofu awezi kuongoza mwenzake	Community writing event, self
Kimya inaongozaka mambo mingi	Community writing event, self
Usiku unaleta shauri kwa mutu	Community writing event, self
Batu ba mashariki ya kongo wana teswa na vita	Community writing event, self
Olive lembe eko nasaidia batu iyi masiku	Community writing event, self
Kasayi batu banatoka ba mingi juya maisha	Community writing event, self
Jamhuri ya ki democrasia ya kongo imesha eneza wa rahisi tano	Community writing event, self
Constatin njo alianzisha ku Sali siku ya dimanche	Community writing event, self
Nuhu alifanya myaka mia moja ya kutangaza abri ya nvula ku nyesha	Community writing event, self
Kongolomwanza iliumbiwaka siku ya mwisho wa garika	Community writing event, self
Miba baliumbaka siku yenyewe adamu na bibi yake bali asi Mungu	Community writing event, self
Musa alikomaliaka ku nyumba ya kifalme	Community writing event, self
Baluba bana pendaka sana buyi bwa mpwiti	Community writing event, self
Kupenda ni rahisi lakini kubakia mumapenzi njo kya muimu	Community writing event, self
Siku izi batu abashiki tena sabato	Community writing event, self
Ukipenda fichika mukongomani makuta tiya mu kitabu	Community writing event, self
Amri ya Mungu yote inasemea upendo	Community writing event, self
Batu ba goma beko na lima sana kupita bamu katanga	Community writing event, self
Simu inasaidia batu bengi sana juya kuyuwana ma habari	Community writing event, self
Mtandao inaanza aribisha wa toto kwa sasa	Community writing event, self
Kiwanja kya mupira kya kalemie kiko na fasi elfu tano	Community writing event, self
Kilole kimoya akilokotake nchawa	Community writing event, self
Ndaga ya bahari ile ya moshi iko butamu	Community writing event, self
Popo si ndege wala si nyama	Community writing event, self
Kangame anafanya myaka makumi tatu na tano ku madaraka	Community writing event, self
Magufuli ni raisi mwema wa tanzania	Community writing event, self
Kalemie iko na ma comune tatu 	Community writing event, self
Aba shurtishaki ali ya mutu	Community writing event, self
Muyomba yangu ni mwendasha gari	Community writing event, self
Siku izi batu bananza wina juya madawa	Community writing event, self
Usifatanishe mutu juya kile eko nafanya aujuwi kwenyewe alianzia	Community writing event, self
Mtoni wa lukuga unatokea mu tanganika	Community writing event, self
Bukavu na rwanda beko karibu karibu	Community writing event, self
Mwisho wa furah ni machungu	Community writing event, self
Kutubu ni kuacha byote ulikuwa na fanya	Community writing event, self
Kimombo na kingereza kina dumu mu dunia kwa watu	Community writing event, self
Mamadu Ndala alikufia inchi yake	Community writing event, self
Patrice Emerie ni bingwa wa kwanza aliya fiya inchi ya kongo 	Community writing event, self
Ku vyombo kuko mahadibisho ya bufundi sana	Community writing event, self
Ku somalie kuko njala sana	Community writing event, self
Dubayi iko na manyumba ya kifahari kupita kongo	Community writing event, self
Kuyuwa kusoma ni kwa lazima sana nju basi kulande	Community writing event, self
Mchezo wa mpira wa ulaya una vuma sana kupita africa yetu	Community writing event, self
Kusafiri sana kuna adibisha mutu kupita ule eko nabakia fasi moya	Community writing event, self
Kadafi alikuwaka raisi wa libya	Community writing event, self
Gavana wa sasa wa tanganyika ni mwanamuke	Community writing event, self
Ba kuluna mu kalemie beko mu quatre coin	Community writing event, self
Zoe Kabila ni gavana aliye tengeneza jimbo la tanganyika vizuri	Community writing event, self
Joseph kabila alifanya myika kumi na nane mu utawala wake	Community writing event, self
Libya akuna maji mengi weko katika mateso ya maji	Community writing event, self
Umeme wa jamhuri ya kidemocrasia ya kongo inaenda ata inchi ya kigeni	Community writing event, self
Abakataki tama penyewe ungali muzima	Community writing event, self
Kilalo kya kongolo keba kiko na kilometa moja ya urefu	Community writing event, self
Moba kuna ushirika mwingi sana	Community writing event, self
Mambo ya kupita inagondeshaka mutu	Community writing event, self
Magumu sio kufisha tu	Community writing event, self
Myuwa njo inaletaka sukari 	Community writing event, self
Ba china beko na lima sana kupita ma inchi yote ya afrika	Community writing event, self
Yesu bali kimbiliaka naye mu egypte	Community writing event, self
Mtandao wa airtel kwa sasa inaanza kutu saidia kutuma pesa ata inchi ya mbali	Community writing event, self
Mutu wa kwanza kufa mu dunia ni Abeli	Community writing event, self
Dunia ya sasa anakuwa ata baba na mtoto bana fanya ndowa	Community writing event, self
Kambo yangu alikuwa chefu wa mugini	Community writing event, self
Mtoto wa mutu abamupatiaki buyi bwa moto kusio mzazi wake	Community writing event, self
Tanzania bitu biko bei chini kupita kongo	Community writing event, self
Kulingana na sheria ya kazi mutu anapashwa kutumika saha nane kwa siku	Community writing event, self
Inakatazwa ku sahini barua phali ya mutu peke yake	Community writing event, self
Kutangaza kitu auna nacho kulingana na sheria ya inchi uta apizwa	Community writing event, self
Kubarikiwa ni kupana bila kunungunika	Community writing event, self
Raisi wa France aliowa mwalimu wake	Community writing event, self
Inchi ya kwanza ku bunene mu afrika ni algeria	Community writing event, self
China ni inchi ya kwanza ku batu ba mingi	Community writing event, self
Mulykap inasaidia batu kusafiri salama lubumbashi kolwezi	Community writing event, self
Noah ni motoka aina bei sana	Community writing event, self
Land cruser iko na mbio kuzidia noah	Community writing event, self
Zambia inasaidia sana lubumbashi kuleta bunga	Community writing event, self
Maisha ya sasa aina sa ya zamani bitu bilisha badilika	Community writing event, self
Mu jamhuri ya kidemocrasia ya kongo amuna soko ile iko na sheria	Community writing event, self
Pweto bintu na biakula biko bei chini	Community writing event, self
Maman anapikia ba toto bu kali asubui 	Community writing event, self
Kisengo kuna tokaka coltan na kasis ya mingi	Community writing event, self
Ba china abaachi fasi mu kongo	Community writing event, self
Pakati ya kongolo na mbulula kuko mutoni ya mayi ya moto	Community writing event, self
Rwanda ni inchi ambayo itaingia mu kongo mara makumi nane na ine	Community writing event, self
Jamhuri ya kidemocrasia ya kongo iko munene kwa France mara mbili na nusu	Community writing event, self
Batoto ya isiraheli balivukaka bahari nyekundu lwa mukulu pa kwenda kanani	Community writing event, self
Amri kumi balimupatiaka musa juya kuongoza muntu	Community writing event, self
Yesu alifufukaka siku ya kwanza ya juma	Community writing event, self
Mahembe inaikalaka mwenzi wa kumi na wa kumi na moya	Community writing event, self
Ba toto ni matunda ya nyumba	Community writing event, self
Kongolo banakulaka bitu byashipo dawa	Community writing event, self
Kunwa mayi mingi asubui ni dawa	Community writing event, self
Mu buhemba banaowanaka na ma mbuzi njo mali ya kuleta	Community writing event, self
Bukavu yabo mali ya kuleta ku bukwe ni mangombe	Community writing event, self
Likasi beko na lima zaidi na madawa kila kitu kya kula	Community writing event, self
Bunkeya inaletaka chakula mingi sana likasi	Community writing event, self
Kula na mukubwa kwa mtoto ni kama nkuku na kisu ku shingo	Community writing event, self
Ku vumilia ni kitu kya maana sana mumaisha	Community writing event, self
Muntu ni muntu umupe fasi yake	Community writing event, self
Ngamia anakunywaka mayi mingi	Community writing event, self
Mutumbu ilikuwa nasaidia batu kuvuka maji	Community writing event, self
Mbuzi na simba aba patanaki	Community writing event, self
Mbuzi anakulaka sombe na majani mbali mbali	Community writing event, self
Jana kulikuwa ibada ya nyimbo ya ma kwaya yote	Community writing event, self
Tarehe tano ya mwezi huu bata fanya uchunguzi wa ma kwaya ya kolwezi	Community writing event, self
Makwaya yote aikuimba wanaombwa dola makumi tatu na tano	Community writing event, self
Fanya kile kina kusukuma roho yako apana kukazwa	Community writing event, self
Kule tuko naenda ni kweusi	Community writing event, self
Mwipwa yangu aliniuliza asubui abari ya kulamuka	Community writing event, self
Kesho batamuletea muyomba mali ya mtoto yake wa kwanza 	Community writing event, self
Siku ya sabato bataenda ombea mtoto wa kaka kukanisa	Community writing event, self
Bana nilaka kama siku ya ine batakuya kuniangalia kwetu	Community writing event, self
Nyumba ya kupokea ba geni niya kubarikiwa sana	Community writing event, self
Mu muta yetu asubui majirani balikosana juya mayi ku pompi	Community writing event, self
Mayi inaenda asema ita fanya siku tatu paka ba tengeneze moto	Community writing event, self
Usilipishe mwenzako kisasi kisasi ni kya Mungu pekeyake	Community writing event, self
Mwanzo yote inaikalaka nguvu polepole njo mwendo	Community writing event, self
Siku ya dada ya kuzaliwa balimupa zawadi ya nguo ya bei sana	Community writing event, self
Kuku njo alikuwaka kengele ya ba kambo zamani za kale	Community writing event, self
Zamani ba kambo balikuwaka naji tunza na dawa ya asili na mutu anapona	Community writing event, self
Ba kambo balikuwa naishi myaka mingi kupita iyi wakati yetu	Community writing event, self
Ba askari ba mwa mobutu balikuwaka na vala tuputula	Community writing event, self
Mwanamuke unapashi kujifunza ali ya mapato ya bwana yake	Community writing event, self
Busingizi buna wekaka mutu kuto kujitambuwa ali eko wakati eko na lala	Community writing event, self
Kupanga kuna raisisha mutu kufanya mambo yake yote kwa araka	Community writing event, self
Njala ni malali aieshimiaki mutu	Community writing event, self
Kueshimika kwa mutu kunatokana na kazi na mutu ye peke pia	Community writing event, self
Wimbo wa kitaifa ya kongo ilitungwa na ndugu Lutumba	Community writing event, self
Kizazi kya kahina njo kizazi kilianzisha abari ya vinanda	Community writing event, self
Kahina njo alikuwa wakwanza kuhuwa muntu mwenzake mu dunia	Community writing event, self
Muntu wakwanza kuzalika mu dunia ni kahina kufata abali	Community writing event, self
Adamu njo alipangaka kila kitu kiko mu dunia jina	Community writing event, self
Kazi inaleta heshima na makuta	Community writing event, self
Niko na kazi ya kuchimba shimo ya meta mbili na nusu	Community writing event, self
Kucheka kote sio kucheka kungine nikwa uzuni	Community writing event, self
Naenda kutembelea rafiki yangu	Community writing event, self
Nita enda na bidon ya mafuta ya kupana	Community writing event, self
Kyungu kikitoboke kinakatala kazi	Community writing event, self
Kumikini banapikiaka na nkuni 	Community writing event, self
Nkuni inaaribishaka byungu juya moshi 	Community writing event, self
Bukari bwa ku nkuni abukawaki 	Community writing event, self
Zamiri ni polisi wa mutu ndani yake	Community writing event, self
Bongo buna fikishanaka pa baya	Community writing event, self
Mwenyewe alianzishaka abari ya gereza ni sulemani	Community writing event, self
Kweli inapatianaka kazi na heshima 	Community writing event, self
Nguruwe anazalaka ba toto ba mingi	Community writing event, self
Kula ngazi ya mingi inasaidia ku takasa macho 	Community writing event, self
Tomate moya ya kuoza inaozeshaka nyote ile iko pamoya	Community writing event, self
Mayayi inaleta afya nzuri pamoya na buyoka	Community writing event, self
Kula mayayi na kitika ni sumu mu mwili ya mutu	Community writing event, self
Mbele ya kuingia mu nyumba ya mutu ni kupika odi	Community writing event, self
Lubumbashi thomson bei iko chini	Community writing event, self
Kompiuta iko nasaidia kuandika na kupeleka ujumbe 	Community writing event, self
Bukari bwa mubichi buna lumishaka tumbo	Community writing event, self
Swahili aina nguvu	Community writing event, self
Shindano iko nauma	Community writing event, self
Mayi ina yala	Community writing event, self
Banaanza bya ma ibwe	Community writing event, self
Acha makelele	Community writing event, self
Furaha inaletaka buchungu	Community writing event, self
Iniandjikiye ku message ya kawahida	Community writing event, self
Jana mirirudiliya lwa mikulu	Community writing event, self
Aba ba toto beko makelele	Community writing event, self
Ngulube ni nyama wa buchafu	Community writing event, self
Nyama ya mbuzi iko butamu	Community writing event, self
Manyonya ya pushi inaletaka kikoozi	Community writing event, self
Mbata anatagaka mayayi mingi	Community writing event, self
Nasabwa bile miri tafuta kusema	Community writing event, self
Kifiakio balikilomba kuba jirani	Community writing event, self
Mwalimu anapika mtoto juya kukosa jibu	Community writing event, self
Aka katoto keko bulombo	Community writing event, self
Bana niiba makuta niliacha pa meza	Community writing event, self
Bana kongana ku balabala	Community writing event, self
Ule mtoto ananguka ku muchi	Community writing event, self
Saha inaeneya ya kwenda ku misa	Community writing event, self
Ba soso abatoke tena	Community writing event, self
Mwende muka chume ma avoka	Community writing event, self
Mahembe ya mubichi inaletaka kilonda tumbo	Community writing event, self
Nvula inaanza mulete bitu tu teke mayi	Community writing event, self
Mama asema mutuchumiyeko matembele	Community writing event, self
Ndege inaaribishaka mu chele ya mumashamba	Community writing event, self
Muchi ya mapela inaikalaka buterezi	Community writing event, self
Ndizi inakomea mumashamba ya kambo	Community writing event, self
Mwenye kilio anajianziaka kulia yepeke	Community writing event, self
Ndani ya kila mutu munaikalaka simba alisha kulala anapenda kumulamusha na simba ni akili yake	Community writing event, self
Ma miza yanguvunguvu apana	Community writing event, self
Wanze kuji shikiria buluma wemoya kwa	Community writing event, self
Kuko baridi wende uvale mupila	Community writing event, self
Mayi ya baridi inaletaka malalli ya meno	Community writing event, self
Mu mpango muko ba imbwa ba makali	Community writing event, self
Uta mwambia baba akupe makuta ya kumasomo	Community writing event, self
Snel anakata moto juya ile nyumba ili lungula	Community writing event, self
Uyu mwanamuke eko na lalamika	Community writing event, self
Bu muntu ni haya mumacho	Community writing event, self
Akili ni mali kwa mutu	Community writing event, self
Anakunywa nsupu	Community writing event, self
Motoka ina mwanga muchanga	Community writing event, self
Tu pomole kibumbashi	Community writing event, self
Asiye juwa kusoma na kwanjika atakuya mubeba mizigo	Community writing event, self
Analungula na mayi ya moto	Community writing event, self
Siasa iyi masiku ilisha kuya ya kufungishishana	Community writing event, self
Uko na kurya sa mwizi	Community writing event, self
Anaangukiya mu terashe juya bulevi	Community writing event, self
Akina na akiri kumasomo	Community writing event, self
 Ba nyuki beko nafanya nsari	Community writing event, self
Bali muluma kwa imbwa ya ba jirani	Community writing event, self
Uta lala na njala leo juya butembezi bwako	Community writing event, self
Juwa iko makali leo 	Community writing event, self
Mayi ya nvula inaendesha buchafu bote	Community writing event, self
Kutembea bushiku apana	Community writing event, self
Bezi bali mwingilia leo munyumba yake	Community writing event, self
Batoto bote ba kuku banaenda na nvula	Community writing event, self
Banaenda kutosha kalanga yabo kumashamba	Community writing event, self
Uyu mwanamuke eko kibengo	Community writing event, self
Uko na nguvu ya kaji sana	Community writing event, self
Mwafako na kiji ba nduku	Community writing event, self
Ntulu inamwingiya mu richo	Community writing event, self
Bana murudisha na ile makuta ase niya kukachika	Community writing event, self
Uko nakimbia nini apana kukimbia bwana	Community writing event, self
Radi iripika pa nyumba	Community writing event, self
Muchi inakatika na radi	Community writing event, self
Asema ana bamba nyoka na mikono	Community writing event, self
Anaenda bila kulaka	Community writing event, self
Tusiachane mu njia leo 	Community writing event, self
Twende pamoya apana kubakia	Community writing event, self
Ba soda banafunga njia beko naomba makuta	Community writing event, self
Polisi inamufunga juya bwizi	Community writing event, self
Motoka yake ina kongana isa pa njia	Community writing event, self
Lubumbashi banaanza tosha bisikuiti ya extra	Community writing event, self
Jambo banaichoma bitu byote bina lungula 	Community writing event, self
Libya iko na petroli mingi	Community writing event, self
Bana muuwiya mtoto kwake	Community writing event, self
Simba alibatokea jana asubui pa kwenda kumashamba	Community writing event, self
Bana muluma kwa nyoka ya sumu sana	Community writing event, self
Tubambale atuna na ma kapi	Community writing event, self
Baleine eko munene ku tembo	Community writing event, self
Ntayi eko na makucha ya makali sana	Community writing event, self
Analungusha ma galette yote	Community writing event, self
Buyi buna mulunguza 	Community writing event, self
Mayi ya moto ina mu mwangikia kumikulu	Community writing event, self
Simu yake inaisha moto tangu asubui	Community writing event, self
Mpanya anatobola shati yangu ya mweupe	Community writing event, self
Bya ma informatique lwangu shibiyuwi lwangu	Community writing event, self
Machini yake aiwaki juya batterie	Community writing event, self
Mambo yangu aina yako achana nabyo	Community writing event, self
Tumuachie kwanza tuone vile ataongoza	Community writing event, self
Ile mupanga ita kukata iko makali sana apana kulima nayo	Community writing event, self
Baba yangu anauza mashamba ya munene	Community writing event, self
Bali nikaburia mashamba kipasu kimoya	Community writing event, self
Bitu byako ni byako usipige kanda ya abyo	Community writing event, self
Mtoto anastuka ndeke apa sasa	Community writing event, self
Balimuzalaka siku ya starehe	Community writing event, self
Alizalikwa kichwa kinene	Community writing event, self
Kyungu kina lungula ju amuna tena mayi	Community writing event, self
Bana nipeleka katebi	Community writing event, self
Mu kongo muko ba nyama ba mingi	Community writing event, self
Eko na vuga ba mbata ba mingi	Community writing event, self
Anamaliza ku yenga nyumba yake leo	Community writing event, self
Nyumba ina bomoka na nvula ya busiku	Community writing event, self
Nyumba ilibaangukia busiku lakini akuna ule aliumiya	Community writing event, self
Bana muvamia mpango yake ya kisote	Community writing event, self
Ba pangayi banasema bata leta makuta kesho ya nyumba	Community writing event, self
Ma nyumba mu kongolo ma nyumba iko beyi ya chini	Community writing event, self
Samaki ya baari iko butamu sana	Community writing event, self
Busiku bana kataza kutembea banaanza kuibana	Community writing event, self
Bibiyake anazala mtoto mwanaume	Community writing event, self
Bata toka kesho mu opitalo na mtoto	Community writing event, self
pasta ataombeya mutoto yangu iyi sabato	Community writing event, self
Bibi yake anaenda lubumbashi tangu juzi	Community writing event, self
Mbuji anazala ba toto ba wili	Community writing event, self
Banaiba mtoto moya wa mbuji	Community writing event, self
Atsha ku fanya makelele	Community writing event, self
Twende tuka tshome pori	Community writing event, self
Niki pate makuta takuziya manguwo	Community writing event, self
Acha kuchayana maibwe	Community writing event, self
Banamuuwia bilato bya mupya	Community writing event, self
Sombe ina mwangika ku moto	Community writing event, self
Banamuita kwa babayake	Community writing event, self
Mpushi anaonaka busiku sa mchana	Community writing event, self
Punda yake inakufa na njala	Community writing event, self
Anauza motoka ya mupya na leo inaaribika	Community writing event, self
Ana na mikanda ya pango yake	Community writing event, self
Anaenda kukata mikanda ya pango	Community writing event, self
Banamwingilia mu mipaka	Community writing event, self
Shamba yake ina lungula yote	Community writing event, self
Miindi inaoza yote mumashamba	Community writing event, self
Kalanga inaaza kujioteya  mumashamba 	Community writing event, self
Makaka anaisha mandizi yote ya ba jirani	Community writing event, self
Sokomutu aikalaki na mukia	Community writing event, self
Bananichongea asema nilipika mtoto	Community writing event, self
Bana pasula tala na ribwe	Community writing event, self
Nsoko ya basanga muko ba kuluna ba mingi	Community writing event, self
Banamuchomola makuta yote	Community writing event, self
Bana choma motoka yake	Community writing event, self
Mama anaenda kuuza bitoyo na da carine	Community writing event, self
Kinga yake ilivunjika na mizigo inabakia	Community writing event, self
Bidon iko na vuya ta beba kumukono	Community writing event, self
Mu nsoko ya moise munaikalaka beyi chini ya bitu	Community writing event, self
Kaka bana mubeba ma buku yote ya masomo	Community writing event, self
Mu jamhuri ya kidemocrasia ya kongo tuko na luga tano	Community writing event, self
Batoto bote ba taenda asubui kwa kambo yabo	Community writing event, self
Kalemie ni mji mkuu uko karibu tazania	Community writing event, self
Ku matadi bitu bya kurya binaikalaka beyi chini	Community writing event, self
Kinshasa ma gorofa mingi ilienda na mayi	Community writing event, self
Ba na rwanda banaikalaka ba refu	Community writing event, self
Mukatanga swahili inaanza potea	Community writing event, self
Mu tanganyika batu banasemaka Swahili ya muzuri	Community writing event, self
Mu bresila njo muko muhuru ya munene dunia yote	Community writing event, self
Kamaleon inaikalaka na ma rangi ya mingi	Community writing event, self
Ba polisi baanza fukusha mwishi	Community writing event, self
Bya kuria bya sasa na bya nzamani bina achana	Community writing event, self
Bana mupika kapata kwa mwarimu	Community writing event, self
Anaacha masomo juya bwizi bali mubamba	Community writing event, self
Bunga bwa nova bunaikalaka butamu	Community writing event, self
Mayi ya tanganika inapomola ma nyumba mingi	Community writing event, self
Goma nyama ya ngombe iko beyi chini	Community writing event, self
Jimbo la kusini ya kivu bantu abalimaki bya kurya na dawa	Community writing event, self
Ku misisi kuna tokaka or ya mingi	Community writing event, self
Bana baima bukali ju balitoka bila kulaka	Community writing event, self
Ba mushi bana kuryaka byura	Community writing event, self
Banamuwazia asema alipasula rikalashi	Community writing event, self
Banakatala kuba ripa juya bariiba kukampuni	Community writing event, self
Apana kuwa na imani ya mbuzi  mu jangwa	Community writing event, self
Kuwa na kifugo nyumbani ni kitu kya maana	Community writing event, self
Bana iba ma nguwo niliacha kulu kamba	Community writing event, self
Anavala nguwo ya baridi isa	Community writing event, self
Balimubamba picha moya juzi	Community writing event, self
Kesho taenda kumusompo 	Community writing event, self
Ba china bana jenga muzuri njia ya kwenda ku kiwanja kya ndege	Community writing event, self
Banaenda kuniuzia kompiuta 	Community writing event, self
Kompyuta yangu inaaribika 	Community writing event, self
Simu yangu inaangukia mu mayi	Community writing event, self
Bana mupita mayayi ya kuoza	Community writing event, self
Bana mu mwangiya mayi ku shati yake ya mweupe	Community writing event, self
Wandeni ata nilipa leo	Community writing event, self
Bana mugorofea ndeni	Community writing event, self
Mwimbo yangu itatoka leo	Community writing event, self
Bana mutenga juya bwizi	Community writing event, self
Banatosha bantu bote kukazi yetu	Community writing event, self
Abaya balipa tangu mwenzi wa tano	Community writing event, self
Bana bapa makuta ya myezi tatu	Community writing event, self
Bana pikana juya kazi njo kifiyo	Community writing event, self
Kazi bila makuta aiyendeleaki	Community writing event, self
kusema sio kutenda	Community writing event, self
Mwezi wa kenda kunaikalaka njala	Community writing event, self
Mtoto anapika mwenzake jiwe ku kichwa	Community writing event, self
Uzuni ya mutu isikuwe furaha kwako	Community writing event, self
Bali ba chaya ma jiwe mu kanisa	Community writing event, self
Bana mwachiya byote yepeke	Community writing event, self
Anatumiana makuta ya mingi	Community writing event, self
Mambo kiloko abaiwazaki	Community writing event, self
Saha moja iko na dakika makumi sita	Community writing event, self
Banatuomba makuta ya mikutano	Community writing event, self
Myoko yake ngulube inaisha yote mu shamba	Community writing event, self
Bana mu ngola meno mbili	Community writing event, self
Banaenda bila kulaka	Community writing event, self
Bukali bunaisha bote	Community writing event, self
Bukali bwa kulala bunaumishaka ntumbo	Community writing event, self
Banaenda kuuzisha mbuzi mbili	Community writing event, self
Bana mucheka ju anaanguka 	Community writing event, self
Anangusha makuta yote ile alipokea jana	Community writing event, self
Abatiaki chandarua mupya kama auja itosha inje	Community writing event, self
Kulupitalo beko napokeza ma chandarua ya sasa	Community writing event, self
Kilima kinaangukiya nyumba 	Community writing event, self
Wafungwa awaikalaki huuru	Community writing event, self
Heri kuwa huuru kuliko kufungwa	Community writing event, self
Nanasi inakawaka pa kukomea	Community writing event, self
Bingovu bina fanyaka myezi tatu pa kukomea	Community writing event, self
Bana nilipa ndeni yangu leo sasa	Community writing event, self
Katumbi aliongozaka jimbo ya katanga vizuri	Community writing event, self
Bangi inafanyaka mutu sa wa bazimu	Community writing event, self
Bantu iyi masiku banapenda miujiza kuliko kuokolewa	Community writing event, self
Saha ya kazi sio saha ya kuangaliana	Community writing event, self
Bana mu fukuza ku kazi juya bwizi bwa makuta	Community writing event, self
Heshimukazi ya mwenzako kama yako	Community writing event, self
apana kucheza na kazi ya mwenzako	Community writing event, self
Njiya ya kalemie na lubumbashi inaikalaka vumbi mwezi wa nane	Community writing event, self
Motoka ina mwanga mzigo wangu wa tomate yote	Community writing event, self
Heshimia fasi ya ibada ya Mungu	Community writing event, self
Bana iba ma nguwo ya kwenda nayo kukanisa kesho	Community writing event, self
Mama ni mwalimu wa watoto kuliko baba	Community writing event, self
Banamuke abasaulikaki siku ya ndowa yake ilifanyika	Community writing event, self
Wakati wa huuru wa wa afrika ya kusini watoto waliuwiwa sana	Community writing event, self
Wana funzi wa tanzania wanaongeaka kingereza na kishwahili	Community writing event, self
Wa zambia watu weko naongea chibemba na kingereza	Community writing event, self
Bana sema kama abata weza iyi kazi	Community writing event, self
Pilipili inakataka sauti	Community writing event, self
Maji ya baridi inaumishaka meno	Community writing event, self
Kalanga ya mubichi inaikalaka kikoozi	Community writing event, self
Mu kenya amuikalaki malali ya maleria	Community writing event, self
Bahemba banasemaka nguvu sana ku simu	Community writing event, self
Simu inasaidia sana juya kupeleka ujumbe kwa araka	Community writing event, self
Njala inafanyaka muntu sa eko malali	Community writing event, self
Siku ya kuzaliwa ni siku ya furaha sana kwa mutu	Community writing event, self
Zamani abakuwaka na tia sherehe ya kumbusho ya siku ya kuzaliwa	Community writing event, self
Batu ya zambia abayuwaki swahili	Community writing event, self
Lingala ni luga ya kuogopesha batu mu jamhuri ya kidemocrasia ya kongo	Community writing event, self
Ba bukavu banatilianaka sumu mu bya kurya	Community writing event, self
Mama yabo anakufa na sumu bali mutilia	Community writing event, self
Ku shukuru ni kitu kya maana kwa mutu	Community writing event, self
Duka yake inalungula na moto ya mazutu	Community writing event, self
Anazala batoto ba wili mwanamuke na mwanume	Community writing event, self
Usi tiye bu janja ku kitu kya mutu	Community writing event, self
Bana sikia haya ju bali chambulana	Community writing event, self
Ma mbata inatembeaka mu namba	Community writing event, self
Tanzania inaletaka mayi ya dasani kalemie ya mingi	Community writing event, self
Bali bapokeza kila mutu saki ya bunga ku kazi yabo	Community writing event, self
Bana sema kama batabapokeza kesho kukazi yabo	Community writing event, self
Anazala kwa upasuaji wa kisu	Community writing event, self
Burundi watu wengi weko na ukimwi	Community writing event, self
Mwenye nyumba anakatala na msalani wake	Community writing event, self
Usijenge nyumba pembeni ya iki kilima	Community writing event, self
Bana pasula rikalashi ya motoka yake	Community writing event, self
Pushi anafichikaka makucha yake mchana	Community writing event, self
Kuku njo kengele ya asubui	Community writing event, self
Bana mufukuza kwabo juya bwizi	Community writing event, self
Anaowa bila ba nduku yake kujuwa 	Community writing event, self
Kila muntu niwa maana kwabo na kubengine	Community writing event, self
Abakulishaki mtoto buyi bwa moto kama mzazi wake anako	Community writing event, self
Simu iko na chukuwa watu muda	Community writing event, self
Wa binti weko na lungusha bitu juya simu	Community writing event, self
Ni mubaya kulala na simu ku kichwa	Community writing event, self
Ba zamu aba pataki busingizi ata kiloko busiku	Community writing event, self
Ba china beko na katisha na kazi bila kupumuzika	Community writing event, self
Muntu anapasha kulala saha nane busiku kwa kawaida	Community writing event, self
Kichwa kya mutu kinapashwa kupumuzika kama kina fanya kazi	Community writing event, self
ku gorofea mutu aina muzuri inafaa kupana haki ya mutu gisi inapashwa	Community writing event, self
Nyumba isio mwamba itaenda na pepo	Community writing event, self
Pepo ya mu tanganyika inazamishaka ma meli	Community writing event, self
Bantu mu tanganika bana lobaka na ma boti	Community writing event, self
Pa mpweto kalanga iko beyi ya chini	Community writing event, self
Samaki ya pweto inaikalaka miba mingi	Community writing event, self
Ba mushi bana pendaka sana bukali bwa mooko	Community writing event, self
Ba kasayi bana juwa kutembeza sana ma kinga ngambo ya kongolo	Community writing event, self
Mu kolwezi ba tembeza pikipiki ba mingi ni ba kasayi	Community writing event, self
Bulongo bwa kalemie abutochanaki nzaka	Community writing event, self
Bana tobola makuta yote papa aliweka mu saki kwa panya	Community writing event, self
Ma pigeon inakulaka pilipili mingingi	Community writing event, self
Mama asema asiende ju nguwo yake iko buchafu	Community writing event, self
Banaenda kusoko kuuza miindi juya mikutano ya mwezi wa saba	Community writing event, self
Ule mtoto bana mu bunka njo ana mwanga mafuta yote	Community writing event, self
Bana muchomola makuta ilikuwa muufuko	Community writing event, self
Bana mushitaki ku serikali asema alipikana ribwe	Community writing event, self
Bana shindwa kumunyangula juya bunene bwake	Community writing event, self
Shangazi ataenda baka mutosheye makala yake kesho 	Community writing event, self
Motoka inabaaribikia mu njia asema bata fika kesho	Community writing event, self
Mama asema ule hata shota mayi hatiakurya bukali	Community writing event, self
Bukali njo kya kurya kya bantu ya katanga	Community writing event, self
Ndege inaisha mapapayi yote	Community writing event, self
Bitika binaiviya ku muchi	Community writing event, self
Kushikia kwa mtoto sio kumupika fimbo	Community writing event, self
Maadibisho ya mtoto iko fasi tatu 	Community writing event, self
Ana ji choma shindano mu finyango	Community writing event, self
Muzungu anaweka mufuko niju yakuweka kila mutu yakwake	Community writing event, self
Beko na mwandama ju ana kongana na motoka	Community writing event, self
Polepole ndege anaishaka ku jenga nyumba yake	Community writing event, self
Banaenda ku jenga msalani kuile nyumba ya mupya	Community writing event, self
Kulia mukongo nikuona pa kuuegamizia	Community writing event, self
Bata nileteya simu ya mupya keshoyake	Community writing event, self